DrugName	SeedCount	Seeds
L-Histidine	1	HDC
L-Arginine	4	NOS3|ASS1|SLC7A1|NOS2
L-Citrulline	9	NOS3|ASS1|PADI2|PADI4|NOS1|NOS2|PADI3|OTC|PADI1
Miconazole	11	NOS3|KCNN2|KCNMB4|KCNMB3|KCNH2|NOS2|KCNN4|KCNMA1|KCNMB2|KCNN3|KCNMB1
Dexamethasone	4	ANXA1|NR0B1|NOS2|NR3C1
Triflusal	4	PDE10A|NFKB1|PTGS1|NOS2
Adenosine monophosphate	11	PDE4D|PIM1|PRKAB2|CREB1|ACSL1|PRKAA1|PRKAB1|PDE4B|ADCY1|PYGL|FBP1
Tetrahydrofolic acid	2	SHMT2|MTHFD2
Cinnarizine	16	CACNA1H|CACNA1D|CHRM1|CACNA1C|CACNA1S|CACNA1G|CHRM5|DRD5|CHRM3|DRD1|CHRM2|CACNA1F|CHRM4|HRH1|DRD2|CACNA1I
Paramethadione	1	CACNA1I
Verapamil	16	CACNA1D|CACNB1|CACNA1C|CACNA1S|CACNB3|KCNH2|SCN5A|KCNJ11|CACNA1G|CACNA1B|SLC6A4|CACNB2|CACNA1A|CACNB4|CACNA1F|CACNA1I
Zonisamide	17	MAOA|SCN3A|CA9|CACNA1G|SCN4B|SCN1B|CA1|CACNA1H|SCN3B|SCN1A|SCN9A|MAOB|CACNA1I|SCN5A|SCN2A|SCN4A|SCN11A
Flunarizine	5	CACNA1H|CALM3|CACNA1G|HRH1|CACNA1I
Caffeine	25	ATM|PRKDC|PDE1A|ADORA2A|PDE1B|PDE4A|PDE8A|PIK3CA|PDE6A|PDE4B|PDE3B|ITPR2|PIK3CB|PDE6B|ITPR1|PDE7A|PDE1C|PDE10A|PIK3CD|PDE4D|PDE4C|PDE9A|ADORA1|PDE3A|ITPR3
Theophylline	7	HDAC2|ADORA2A|PDE4A|ADORA1|ADORA2B|PDE3A|PDE4B
Adenosine	3	ADORA1|ADORA2B|ADORA2A
Dyphylline	7	PDE4D|ADORA2A|PDE4C|PDE4A|PDE7A|ADORA1|PDE4B
Pentoxifylline	5	ADORA2A|PDE4A|NT5E|ADORA1|PDE4B
Enprofylline	5	ADORA2A|PDE4A|ADORA1|ADORA2B|PDE4B
Gabapentin	11	GRIN2B|CACNA2D1|GRIN3A|CACNA2D2|GRIN1|GRIN2D|CACNA1B|ADORA1|GRIN2C|GRIN2A|GRIN3B
Aminophylline	3	HDAC2|ADORA1|PDE3A
Oxtriphylline	5	HDAC2|ADORA2A|PDE4A|ADORA1|PDE3A
Theobromine	3	ADORA1|ADORA2A|PDE4B
Defibrotide	3	ADORA1|ADORA2B|ADORA2A
Adenosine triphosphate	24	ASNS|ACVRL1|ABCA1|ABCB1|ADCY1|ABCC2|ACVR1|ASS1|ABCG1|ACVR1B|ABCB11|AKT1|APAF1|ARAF|ABCC8|PRKAA1|ABL2|ALK|NAE1|SLC25A4|ACSL1|AMHR2|ABL1|TNK2
Imatinib	7	PDGFRB|PDGFRA|ABL1|CSF1R|KIT|DDR1|NTRK1
Dasatinib	10	YES1|PDGFRB|STAT5B|FYN|ABL1|SRC|ABL2|KIT|LCK|EPHA2
Nilotinib	2	ABL1|KIT
Bosutinib	10	CAMK2G|BCR|LYN|ABL1|CDK2|SRC|MAP2K2|MAP2K1|MAP3K2|HCK
Regorafenib	17	FGFR2|PDGFRB|NTRK1|RET|PDGFRA|DDR2|ABL1|MAPK11|TEK|BRAF|KIT|FLT1|RAF1|FLT4|KDR|FGFR1|EPHA2
Ponatinib	15	FGFR2|BCR|RET|FGFR3|PDGFRA|LYN|FLT3|ABL1|TEK|SRC|KIT|FGFR4|FGFR1|LCK|KDR
Omalizumab	2	FCER1A|MS4A2
Benzylpenicilloyl Polylysine	2	FCER1A|FCER1G
Drotrecogin alfa	11	CP|F2|F5|SERPINB6|PF4|SERPINE1|THBD|F8|PROS1|SERPINA5|PROCR
Coagulation Factor IX	6	F10|F2|LRP1|F7|F8|F11
Dihomo-gamma-linolenic acid	2	PTGS2|PTGS1
Icosapent	7	FFAR1|PPARD|PTGS2|TRPV1|PPARG|PTGS1|SLC8A1
Mesalazine	7	ALOX5|PTGS2|PPARG|IKBKB|PTGS1|MPO|CHUK
Acetaminophen	2	PTGS2|PTGS1
Indomethacin	6	GLO1|PTGS2|PPARA|PPARG|PLA2G2A|PTGS1
Minoxidil	2	PTGS1|KCNJ1
Nabumetone	2	PTGS2|PTGS1
Ketorolac	2	PTGS2|PTGS1
Tenoxicam	2	PTGS2|PTGS1
Tolmetin	2	PTGS2|PTGS1
Piroxicam	2	PTGS2|PTGS1
Fenoprofen	2	PTGS2|PTGS1
Diclofenac	8	ALOX5|PTGS2|ASIC1|PLA2G2A|PTGS1|SCN4A|KCNQ2|KCNQ3
Sulindac	5	MAPK3|AKR1B1|PPARD|PTGS2|PTGS1
Diethylcarbamazine	2	ALOX5|PTGS1
Flurbiprofen	2	PTGS2|PTGS1
Etodolac	3	PTGS2|PTGS1|RXRA
Mefenamic acid	2	PTGS2|PTGS1
Naproxen	2	PTGS2|PTGS1
Sulfasalazine	10	TBXAS1|PLA2G1B|ALOX5|PTGS2|PPARG|IKBKB|PTGS1|CHUK|ACAT1|SLC7A11
Phenylbutazone	2	PTGS2|PTGS1
Meloxicam	2	PTGS2|PTGS1
Carprofen	2	PTGS2|PTGS1
Diflunisal	2	PTGS2|PTGS1
Suprofen	2	PTGS2|PTGS1
Salicylic acid	3	PTGS2|PTGS1|AKR1C1
Meclofenamic acid	5	ALOX5|PTGS2|PTGS1|KCNQ2|KCNQ3
Acetylsalicylic acid	18	PRKAG3|EDNRA|NFKBIA|PRKAB2|PTGS2|NFKB1|TP53|PRKAG2|PRKAG1|RPS6KA3|IKBKB|PRKAA1|PTGS1|PRKAB1|PRKAA2|HSPA5|AKR1C1|NFKB2
Bromfenac	2	PTGS2|PTGS1
Oxaprozin	2	PTGS2|PTGS1
Ketoprofen	3	PTGS2|CXCR1|PTGS1
Balsalazide	4	ALOX5|PTGS2|PTGS1|PPARG
Ibuprofen	8	FABP2|PTGS2|BCL2|PPARG|PLAT|CFTR|THBD|PTGS1
Lumiracoxib	2	PTGS2|PTGS1
Magnesium salicylate	2	PTGS2|PTGS1
Salicylate-sodium	2	PTGS2|PTGS1
Salsalate	2	PTGS2|PTGS1
Trisalicylate-choline	2	PTGS2|PTGS1
Antrafenine	2	PTGS2|PTGS1
Antipyrine	2	PTGS2|PTGS1
Tiaprofenic acid	2	PTGS2|PTGS1
Niflumic Acid	5	PLA2G4A|PTGS2|UGT1A9|PLA2G1B|PTGS1
Lornoxicam	2	PTGS2|PTGS1
Nepafenac	2	PTGS2|PTGS1
Ziprasidone	24	ADRA2C|HTR1B|HTR1D|HTR1A|DRD5|DRD1|HTR2A|HRH1|ADRA2B|HTR7|CHRM4|HTR2C|ADRA1A|ADRA1B|CHRM3|DRD4|CHRM5|DRD2|CHRM1|DRD3|HTR1E|ADRA2A|HTR6|CHRM2
Cabergoline	20	HTR2C|ADRA1A|DRD3|ADRA1B|ADRB2|HTR2B|ADRA2C|HTR1B|HTR1D|HTR1A|DRD5|ADRA1D|ADRA2A|DRD4|ADRB1|ADRA2B|HTR7|DRD1|HTR2A|DRD2
Ropinirole	14	HTR2C|DRD3|HTR2B|ADRA2C|HTR1B|HTR1D|HTR1A|DRD5|ADRA2A|DRD4|ADRA2B|DRD1|HTR2A|DRD2
Olanzapine	32	ADRA2C|HRH2|HTR1D|HTR1A|HTR1B|DRD5|DRD1|HTR2A|HRH1|ADRA2B|ADRB1|HTR7|ADRB3|CHRM4|GABRA4|HTR2C|ADRA1A|ADRA1B|HTR2B|CHRM3|DRD4|GABRA3|CHRM5|DRD2|CHRM1|DRD3|ADRB2|HTR1E|ADRA2A|HTR5A|HTR6|CHRM2
Methylergometrine	1	DRD1
Clozapine	23	ADRA2C|HTR1B|HTR1D|HTR1A|DRD1|HTR2A|HRH1|ADRA2B|HTR7|CHRM4|HTR2C|ADRA1A|ADRA1B|CHRM3|DRD4|CHRM5|DRD2|CHRM1|DRD3|HTR1E|ADRA2A|HTR6|CHRM2
Phenylpropanolamine	5	ADRA1A|ADRB2|ADRA2A|ADRB1|DRD1
Loxapine	30	ADRA2C|HRH2|HTR1D|HTR1A|HTR1B|DRD5|SLC6A4|DRD1|HTR2A|HRH1|SLC6A2|ADRB1|ADRA2B|HTR7|CHRM4|HTR2C|ADRA1A|ADRA1B|CHRM3|DRD4|CHRM5|DRD2|CHRM1|DRD3|HTR1E|ADRA2A|SLC6A3|HTR6|CHRM2|HTR5A
Pramipexole	14	HTR2C|DRD3|HTR2B|ADRA2C|HTR1B|HTR1D|HTR1A|DRD5|ADRA2A|DRD4|ADRA2B|DRD1|HTR2A|DRD2
Promazine	14	HTR2C|CHRM1|ADRA1A|ADRA1B|CHRM2|CHRM3|DRD4|ADRA1D|DRD1|CHRM4|CHRM5|HTR2A|HRH1|DRD2
Chlorpromazine	24	ADRA2C|KCNH2|HTR1A|ORM2|DRD5|DRD1|HTR2A|HRH1|CALM3|ADRA1D|ADRA2B|HTR7|HTR2C|ADRA1A|ADRA1B|HTR2B|CHRM3|DRD4|DRD2|CHRM1|DRD3|ADRA2A|HTR6|SMPD1
Haloperidol	5	GRIN2B|DRD3|DRD1|HTR2A|DRD2
Triflupromazine	5	CHRM1|HTR2B|CHRM2|DRD1|DRD2
Amoxapine	28	ADRA2C|HTR1B|HTR1A|SLC6A4|DRD1|HTR2A|HRH1|SLC6A2|ADRA1D|ADRA2B|HTR7|CHRM4|GABRA4|HTR2C|ADRA1A|ADRA1B|HTR2B|GABRA3|DRD4|CHRM3|CHRM5|DRD2|CHRM1|DRD3|ADRA2A|SLC6A3|HTR6|CHRM2
Lisuride	14	HTR2C|DRD3|HTR2B|ADRA2C|HTR1B|HTR1D|HTR1A|DRD5|ADRA2A|DRD4|ADRA2B|DRD1|HTR2A|DRD2
Fluphenazine	3	DRD1|CALM3|DRD2
Thioridazine	6	ADRA1A|ADRA1B|KCNH2|DRD1|HTR2A|DRD2
Apomorphine	14	HTR2C|DRD3|HTR2B|ADRA2C|HTR1B|HTR1D|HTR1A|DRD5|ADRA2A|DRD4|ADRA2B|DRD1|HTR2A|DRD2
Risperidone	14	HTR2C|ADRA1A|DRD3|ADRA1B|ADRA2C|HTR1D|HTR1A|ADRA2A|DRD4|ADRA2B|DRD1|HTR2A|HRH1|DRD2
Propiomazine	14	HTR2C|CHRM1|ADRA1A|ADRA1B|CHRM2|CHRM3|DRD4|ADRA1D|DRD1|CHRM4|CHRM5|HTR2A|HRH1|DRD2
Fenoldopam	8	ADRA1A|ADRA1B|ADRA2C|DRD5|ADRA1D|ADRA2A|ADRA2B|DRD1
Minaprine	8	MAOA|HTR2C|CHRM1|HTR2B|SLC6A4|DRD1|HTR2A|DRD2
Perphenazine	3	DRD1|CALM3|DRD2
Flupentixol	5	CHRM1|ADRA1A|DRD1|HTR2A|DRD2
Dopamine	11	DBH|SLC6A2|DRD3|HTR1A|DRD5|SLC6A4|DRD4|SLC6A3|HTR7|DRD1|DRD2
Ergoloid mesylate	22	ADRA2C|HTR1B|HTR1A|HTR1D|HTR1F|DRD1|HTR2A|ADRA1D|ADRA2B|HTR7|GABRA4|SLCO2B1|HTR2C|ADRA1A|ADRA1B|HTR2B|GABRA3|HTR4|DRD2|HTR1E|ADRA2A|HTR6
Acetophenazine	2	DRD1|DRD2
Pergolide	17	HTR2C|ADRA1A|DRD3|ADRA1B|HTR2B|ADRA2C|HTR1B|HTR1D|HTR1A|DRD5|ADRA1D|ADRA2A|DRD4|ADRA2B|DRD1|HTR2A|DRD2
Bromocriptine	18	HTR2C|ADRA1A|DRD3|ADRA1B|HTR2B|ADRA2C|HTR1B|HTR1D|HTR1A|DRD5|ADRA1D|ADRA2A|DRD4|ADRA2B|HTR7|DRD1|HTR2A|DRD2
Quetiapine	25	ADRA2C|HTR1B|HTR1D|HTR1A|DRD5|DRD1|HTR2A|HRH1|ADRA1D|ADRA2B|HTR7|CHRM4|HTR2C|ADRA1A|ADRA1B|CHRM3|DRD4|CHRM5|DRD2|CHRM1|DRD3|HTR1E|ADRA2A|HTR6|CHRM2
Levodopa	5	DRD3|DRD5|DRD4|DRD1|DRD2
Aripiprazole	24	ADRA2C|HTR1B|HTR1D|HTR1A|DRD5|DRD1|HTR2A|HRH1|ADRA2B|HTR7|CHRM4|HTR2C|ADRA1A|ADRA1B|CHRM3|DRD4|CHRM5|DRD2|CHRM1|DRD3|HTR1E|ADRA2A|HTR6|CHRM2
Chlorprothixene	12	HTR2C|CHRM1|DRD3|CHRM2|HTR2B|CHRM3|DRD1|CHRM4|CHRM5|HTR2A|HRH1|DRD2
Paliperidone	16	HTR2C|ADRA1A|DRD3|ADRA1B|CYP3A4|ADRA2C|HTR1D|HTR1A|CYP2D6|ADRA2A|DRD4|ADRA2B|DRD1|HTR2A|HRH1|DRD2
Methotrimeprazine	19	HTR2C|CHRM1|ADRA1A|ADRA1B|CHRM2|DRD3|ADRA2C|DRD5|CHRM3|ADRA2A|DRD4|DRD1|CHRM4|ADRA2B|CHRM5|ADRA1D|HTR2A|HRH1|DRD2
Propericiazine	3	DRD1|ADRA2A|ADRA1B
Acepromazine	6	ADRA1A|ADRA1B|HTR1A|DRD1|HTR2A|DRD2
Pipotiazine	4	DRD1|HTR2A|HTR1A|DRD2
Thioproperazine	6	ADRA1A|ADRA1B|HTR1A|DRD1|HTR2A|DRD2
Thiothixene	3	DRD1|HTR2A|DRD2
Zuclopenthixol	7	ADRA1A|DRD5|ADRA2A|DRD1|HTR2A|HRH1|DRD2
Iloperidone	11	ADRA1A|DRD3|ADRA2C|HTR1A|DRD4|HTR6|HTR7|DRD1|HTR2A|HRH1|DRD2
Rotigotine	7	DRD3|HTR1A|DRD5|DRD4|ADRA2B|DRD1|DRD2
Asenapine	20	HTR2C|ADRA1A|DRD3|ADRB2|HTR2B|ADRA2C|HRH2|HTR1B|HTR1A|ADRA2A|DRD4|ADRB1|ADRA2B|HTR7|DRD1|HTR6|HTR2A|HTR5A|HRH1|DRD2
Succinic acid	6	PLOD1|ASPH|P4HA1|SUCNR1|SDHB|OXCT1
Sorafenib	10	PDGFRB|RET|FLT3|BRAF|KIT|FLT1|RAF1|FLT4|KDR|FGFR1
Sunitinib	8	PDGFRB|PDGFRA|FLT3|CSF1R|KIT|FLT1|FLT4|KDR
Pazopanib	10	PDGFRB|FGF1|ITK|FGFR3|PDGFRA|KIT|FLT1|SH2B3|FLT4|KDR
Axitinib	3	FLT4|KDR|FLT1
Lenvatinib	8	FGFR2|FGFR3|KIT|FLT1|FGFR1|FLT4|KDR|FGFR4
Nintedanib	10	FGFR2|FGFR3|LYN|FLT3|SRC|FGFR1|FLT1|FLT4|KDR|LCK
Triamterene	3	SCNN1A|SCNN1G|SCNN1B
Amiloride	6	SCNN1G|SLC9A1|ASIC1|SCNN1A|SCNN1B|PLAU
Collagenase clostridium histolyticum	4	COL1A1|COL3A1|COL2A1|COL1A2
Vindesine	1	TUBB1
Paclitaxel	6	NR1I2|MAPT|BCL2|TUBB1|MAP4|MAP2
Docetaxel	6	NR1I2|MAPT|BCL2|TUBB1|MAP4|MAP2
Colchicine	2	TUBB1|TUBB
Cabazitaxel	2	TUBB1|TUBA4A
L-Phenylalanine	2	TH|PAH
L-Cystine	1	SLC7A11
Riluzole	2	SCN5A|SLC7A11
Acetylcysteine	9	GRIN2B|GRIN3A|GSS|GRIN1|GRIN2D|IKBKB|CHUK|GRIN2A|SLC7A11
Vitamin A	5	ALDH1A1|ALDH1A3|ALDH1A2|RBP3|RLBP1
Insulin Regular	7	NOV|IGF1R|IDE|CTSD|RB1|LRP2|INSR
Insulin Lispro	2	INSR|IGF1R
Insulin Glargine	2	INSR|IGF1R
Insulin, porcine	9	HLA-DQB1|NOV|HLA-DQA2|IGF1R|IDE|CTSD|RB1|LRP2|INSR
Mecasermin	4	IGFBP3|INSR|IGF2R|IGF1R
Insulin Aspart	1	INSR
Insulin Detemir	1	INSR
Insulin Glulisine	1	INSR
Insulin, isophane	1	INSR
Dabrafenib	5	LIMK1|SIK1|BRAF|NEK11|RAF1
Lipoic Acid	1	SLC5A6
ART-123	2	F2|F5
Bosentan	2	EDNRA|EDNRB
Sitaxentan	2	EDNRA|EDNRB
Ambrisentan	2	EDNRA|EDNRB
MACITENTAN	2	EDNRA|EDNRB
Cevimeline	2	CHRM3|CHRM1
Tramadol	7	HTR2C|SLC6A2|GRIN3A|OPRD1|CHRM3|SLC6A4|OPRM1
Succinylcholine	3	CHRM3|CHRM1|CHRM2
Disopyramide	4	CHRM1|SCN5A|CHRM3|CHRM2
Amitriptyline	29	HRH2|HTR1D|HTR1A|HTR1B|NTRK2|SLC6A4|HTR2A|HRH1|SLC6A2|ADRA1D|ADRB1|HTR7|ADRB3|CHRM4|HTR2C|ADRA1A|ADRA1B|CHRM3|CHRM5|NTRK1|KCNQ3|CHRM1|ADRB2|OPRD1|OPRM1|ADRA2A|HTR6|CHRM2|KCNQ2
Ipratropium bromide	3	CHRM3|CHRM1|CHRM2
Metixene	5	CHRM1|CHRM3|CHRM2|CHRM5|CHRM4
Trihexyphenidyl	5	CHRM1|CHRM3|CHRM2|CHRM5|CHRM4
Oxyphencyclimine	3	CHRM3|CHRM1|CHRM2
Procyclidine	4	CHRM2|CHRM3|CHRM1|CHRM4
Hyoscyamine	4	CHRM2|CHRM3|CHRM1|CHRM4
Cyproheptadine	6	HTR2C|CHRM1|CHRM3|CHRM2|HTR2A|HRH1
Imipramine	21	KCNH2|HTR1A|DRD5|SLC6A4|DRD1|HTR2A|HRH1|SLC6A2|ADRA1D|HTR7|CHRM4|HTR2C|ADRA1A|ADRA1B|CHRM3|CHRM5|DRD2|CHRM1|SLC6A3|HTR6|CHRM2
Methylscopolamine bromide	3	CHRM3|CHRM1|CHRM2
Darifenacin	5	CHRM1|CHRM3|CHRM2|CHRM5|CHRM4
Anisotropine Methylbromide	3	CHRM3|CHRM1|CHRM2
Nortriptyline	23	ADRA2C|HTR1A|SLC6A4|HTR2A|HRH1|SLC6A2|ADRA1D|ADRA2B|ADRB1|ADRB3|CHRM4|HTR2C|ADRA1A|ADRA1B|PGRMC1|CHRM3|CHRM5|DRD2|CHRM1|ADRB2|ADRA2A|HTR6|CHRM2
Atropine	5	CHRM1|CHRM3|CHRM2|CHRM5|CHRM4
Nicardipine	15	CACNA2D1|CACNA1D|CHRM1|CACNA1C|ADRA1A|CHRM2|ADRA1B|CALM3|PDE1B|CHRM3|ADRA1D|CACNB2|CHRM4|CHRM5|PDE1A
Paroxetine	8	CHRM1|SLC6A2|CHRM2|CHRM3|SLC6A4|CHRM4|CHRM5|HTR2A
Homatropine Methylbromide	5	CHRM1|CHRM3|CHRM2|CHRM5|CHRM4
Diphemanil Methylsulfate	1	CHRM3
Scopolamine	6	CHRM1|SI|CHRM3|CHRM2|CHRM5|CHRM4
Cryptenamine	5	CHRM1|CHRM3|CHRM2|CHRM5|CHRM4
Tropicamide	4	CHRM2|CHRM3|CHRM1|CHRM4
Brompheniramine	6	CHRM1|CHRM2|CHRM3|CHRM4|CHRM5|HRH1
Maprotiline	17	HTR2C|CHRM1|SLC6A2|ADRA1A|CHRM2|ADRA1B|ADRA2C|CHRM3|ADRA1D|ADRA2A|ADRA2B|CHRM4|HTR7|CHRM5|HTR2A|HRH1|DRD2
Glycopyrrolate	3	CHRM3|CHRM1|CHRM2
Tolterodine	5	CHRM1|CHRM3|CHRM2|CHRM5|CHRM4
Oxybutynin	3	CHRM3|CHRM1|CHRM2
Promethazine	10	CHRM1|ADRA1A|CHRM2|CALM3|CHRM3|CHRM4|CHRM5|HTR2A|HRH1|DRD2
Pilocarpine	3	CHRM3|CHRM1|CHRM2
Doxepin	22	ADRA2C|HRH2|KCNH2|HTR1A|SLC6A4|HTR2A|HRH1|SLC6A2|ADRA1D|ADRA2B|CHRM4|HTR2C|ADRA1A|ADRA1B|HTR2B|CHRM3|CHRM5|DRD2|CHRM1|ADRA2A|HTR6|CHRM2
Desipramine	21	ADRA2C|HTR1A|SLC6A4|HTR2A|HRH1|SLC6A2|ADRA1D|ADRB1|ADRA2B|CHRM4|HTR2C|ADRA1A|ADRA1B|CHRM3|CHRM5|DRD2|CHRM1|ADRB2|ADRA2A|CHRM2|SMPD1
Mivacurium	3	CHRM3|CHRNA2|CHRM2
Diphenidol	3	CHRM3|CHRM1|CHRM2
Pancuronium	3	CHRM3|CHRNA2|CHRM2
Pipecuronium	3	CHRM3|CHRNA2|CHRM2
Tiotropium	3	CHRM3|CHRM1|CHRM2
Solifenacin	5	CHRM1|CHRM3|CHRM2|CHRM5|CHRM4
Isopropamide	2	CHRM3|CHRM4
Mepenzolate	2	CHRM3|CHRM1
Fesoterodine	5	CHRM1|CHRM3|CHRM2|CHRM5|CHRM4
Methacholine	1	CHRM3
Aclidinium	5	CHRM1|CHRM3|CHRM2|CHRM5|CHRM4
Umeclidinium	5	CHRM1|CHRM3|CHRM2|CHRM5|CHRM4
Pyruvic acid	6	SLC16A3|SLC16A1|PKLR|PKM|PDHB|SLC16A2
Potassium Chloride	5	SLC12A2|SLC12A6|SLC12A7|SLC12A5|SLC12A4
Bumetanide	4	SLC12A2|CFTR|SLC12A5|SLC12A4
Lepirudin	1	F2
Bivalirudin	1	F2
Menadione	10	F10|F2|F9|F7|NQO1|PROZ|NQO2|PROS1|PROC|BGLAP
Argatroban	1	F2
Proflavine	1	F2
Suramin	4	F2|PLA2G2A|P2RY2|FSHR
Ximelagatran	1	F2
Dabigatran etexilate	1	F2
Trilostane	4	HSD3B2|ESR1|HSD3B1|ESR2
L-Lysine	2	SLC7A1|KARS
L-Ornithine	2	SLC7A1|OTC
Glycine	9	SHMT2|BAAT|GRIN3B|ALAS2|GLRB|GSS|GRIN2C|GRIN2A|GNMT
Lindane	1	GLRB
Marimastat	15	MMP15|MMP9|MMP20|MMP11|MMP28|MMP7|MMP16|MMP10|MMP13|MMP12|MMP26|MMP1|MMP14|MMP2|MMP3
Minocycline	7	VEGFA|MMP9|CYCS|ALOX5|CASP1|IL1B|CASP3
Captopril	3	MMP9|MMP2|ACE
Glucosamine	4	MMP9|TNF|IFNG|NFKB2
Vitamin C	9	DBH|PLOD1|P4HA1|PAM|EGLN2|LCT|EGLN3|PLOD2|EGLN1
L-Proline	6	PPIF|P4HA1|EPRS|PRODH|PPIG|PPIC
Hydralazine	1	P4HA1
Dronabinol	2	CNR2|CNR1
Nabilone	2	CNR2|CNR1
Rimonabant	1	CNR1
Valsartan	1	AGTR1
Olmesartan	1	AGTR1
Losartan	1	AGTR1
Candesartan	1	AGTR1
Eprosartan	1	AGTR1
Telmisartan	2	PPARG|AGTR1
Irbesartan	2	JUN|AGTR1
Forasartan	1	AGTR1
Saprisartan	1	AGTR1
Tasosartan	2	AGTR2|AGTR1
Azilsartan medoxomil	1	AGTR1
L-Serine	2	CBS|SPTLC1
Bupivacaine	2	PTGER1|SCN10A
Carboprost Tromethamine	1	PTGER1
Alprostadil	2	PTGER1|PTGER2
Bimatoprost	4	PTGER1|PTGFR|PTGER3|AKR1C3
Dinoprostone	4	PTGER1|PTGER2|PTGER3|PTGER4
Iloprost	7	PTGER1|PDE4D|PTGIR|PDE4C|PDE4A|PLAT|PDE4B
Rituximab	11	C1QB|FCGR1A|C1QC|C1QA|FCGR3B|MS4A1|C1R|C1S|FCGR2A|FCGR2B|FCGR3A
Ibritumomab	11	C1QB|FCGR1A|C1QC|C1QA|FCGR3B|MS4A1|C1R|C1S|FCGR2A|FCGR2B|FCGR3A
Tositumomab	10	C1QB|FCGR1A|C1QC|C1QA|FCGR3B|MS4A1|C1R|FCGR2A|FCGR2B|FCGR3A
Obinutuzumab	1	MS4A1
Flavin adenine dinucleotide	16	MAOA|TXNRD1|DAO|NQO1|MAOB|NQO2|GFER|POR|GSR|ACOX1|NOS1|FDXR|AIFM1|DPYD|ACADM|XDH
Clofibrate	1	PPARA
Fenofibrate	1	PPARA
Gemfibrozil	1	PPARA
Bezafibrate	3	PPARA|PPARG|PPARD
Biotin	3	ACACB|SLC5A6|ACACA
Tretinoin	7	ALDH1A1|NR0B1|RXRG|ALDH1A2|RARG|GPRC5A|RXRB
Somatropin recombinant	2	PRLR|GHR
Pegvisomant	1	GHR
Vitamin E	7	NR1I2|ALOX5|PRKCA|PPP2CA|PPP2CB|DGKA|PRKCB
Mercaptopurine	3	IMPDH2|PPAT|IMPDH1
Adapalene	6	RARB|RARA|RXRA|RXRG|RARG|RXRB
Bexarotene	3	RXRB|RXRG|RXRA
Acitretin	6	RARB|RARA|RXRA|RXRG|RARG|RXRB
Alitretinoin	6	RARB|RARA|RXRA|RXRG|RARG|RXRB
Tazarotene	4	RXRB|RARB|RARA|RARG
L-Cysteine	9	CBS|CDO1|GSS|MGMT|GCLM|CTH|NFS1|SLC19A3|GCLC
Alemtuzumab	9	C1QB|FCGR1A|C1QC|C1QA|FCGR3B|C1R|FCGR2A|FCGR2B|FCGR3A
Cisapride	3	KCNH2|HTR4|HTR2A
Ondansetron	4	HTR1B|HTR1A|OPRM1|HTR4
Metoclopramide	3	HTR4|CHRM1|DRD2
Prucalopride	1	HTR4
Cinitapride	3	HTR2A|HTR4|HTR1A
Iron Dextran	4	FTL|HBB|HBA2|FTH1
Erythromycin	7	CYP51A1|CYP3A4|KCNH2|MLNR|ABCB1|ALB|SLC47A1
Dofetilide	3	KCNH2|KCNJ12|KCNK2
Amsacrine	2	TOP2A|KCNH2
Ibutilide	6	CACNG1|CACNA2D1|CACNB1|CACNA1C|KCNH2|KCNJ11
Alfuzosin	4	KCNH2|ADRA1A|ADRA1D|ADRA1B
Prazosin	6	ADRA1A|ADRA1B|KCNH2|ADRA2A|ADRA2B|ADRA1D
Sotalol	3	KCNH2|ADRB2|ADRB1
Ciprofloxacin	2	TOP2A|KCNH2
Doxazosin	4	ADRA1A|ADRA1B|KCNH2|ADRA1D
Astemizole	2	KCNH2|HRH1
Quinidine	2	SCN5A|KCNH2
Pimozide	4	CALM3|KCNH2|DRD3|DRD2
Amiodarone	4	CACNA2D2|CACNA1H|KCNH2|ADRB1
Carvedilol	16	VEGFA|ADRA1A|ADRB2|NDUFC2|ADRA1B|NPPB|ADRA2C|VCAM1|KCNH2|SELE|HIF1A|ADRA1D|ADRA2A|ADRB1|ADRA2B|GJA1
Terazosin	4	ADRA1A|ADRA1B|KCNH2|ADRA1D
Propafenone	2	KCNH2|SCN5A
Clarithromycin	5	SLCO1B3|CYP3A4|KCNH2|ABCB1|SLCO1B1
Halofantrine	1	KCNH2
Dronedarone	18	CACNA1D|CACNB1|ADRA1A|CACNA1C|ADRA1B|SCN1A|CACNA1S|ADRA2C|CACNB3|KCNH2|ADRA1D|ADRA2A|ADRB1|ADRA2B|CACNB2|CACNB4|CACNA1F|KCNK2
Sertindole	8	HTR2C|ADRA1A|ADRA1B|KCNH2|ADRA1D|HTR6|HTR2A|DRD2
Irinotecan	1	TOP1
Topotecan	1	TOP1
Trospium	1	CHRM1
Citalopram	4	SLC6A4|CHRM1|HRH1|ADRA1A
Oxyphenonium	1	CHRM1
Benzatropine	3	SLC6A3|CHRM1|HRH1
Buclizine	2	CHRM1|HRH1
Doxylamine	2	CHRM1|HRH1
Ethopropazine	3	CHRM1|GRIN3A|CHRM2
Carbachol	3	CHRNA2|CHRM1|CHRM2
Pirenzepine	1	CHRM1
Clidinium	1	CHRM1
Propantheline	1	CHRM1
Dicyclomine	2	CHRM1|CHRM2
Biperiden	2	CHRNA2|CHRM1
Cocaine	8	CHRM1|SLC6A2|CHRM2|SCN5A|SCN10A|SLC6A4|SLC6A3|SCN11A
Methantheline	2	HRH2|CHRM1
Cycrimine	1	CHRM1
Cyclopentolate	1	CHRM1
Flavoxate	2	CHRM1|CHRM2
Escitalopram	6	CHRM1|SLC6A2|ADRA1A|SLC6A4|SLC6A3|HRH1
Molindone	4	HTR1A|HTR2A|CHRM1|DRD2
L-Carnitine	7	CES1|CPT1A|XDH|SLC22A5|MPO|SLC22A4|CROT
Nedocromil	4	FPR1|HSP90AA1|CYSLTR1|CYSLTR2
S-Adenosylmethionine	5	CBS|MAT1A|GNMT|MAT2A|AMD1
Tris	4	VEGFA|NEIL1|DCN|AMD1
L-Alanine	2	NFS1|GPT2
Ezetimibe	3	ANPEP|NPC1L1|SOAT1
Hesperetin	3	SOAT2|MTTP|SOAT1
Arcitumomab	1	CEACAM1
N-Acetyl-D-glucosamine	1	B4GALT1
Ticlopidine	1	P2RY12
Treprostinil	3	PTGIR|P2RY12|PPARD
Clopidogrel	1	P2RY12
Epoprostenol	2	PTGIR|P2RY12
Prasugrel	1	P2RY12
Cangrelor	1	P2RY12
Ticagrelor	1	P2RY12
Betazole	1	HRH2
Cimetidine	1	HRH2
Nizatidine	1	HRH2
Histamine Phosphate	2	HRH2|HRH1
Epinastine	6	ADRA1A|HRH2|ADRA2A|HTR7|HTR2A|HRH1
Tolazoline	6	ADRA1A|ADRA2C|HRH2|ADRA2A|ADRA2B|HRH1
Ranitidine	1	HRH2
Famotidine	1	HRH2
Roxatidine acetate	1	HRH2
Cytarabine	1	POLB
Adenine	4	MTAP|ACP1|ACACB|SRPK2
Amphetamine	15	ADRA1A|SLC6A2|ADRB2|ADRA1B|ADRA2C|ADRB3|MAOB|SLC6A4|SLC6A3|ADRA1D|CARTPT|ADRB1|ADRA2A|ADRA2B|DRD2
Norepinephrine	10	ADRA1A|ADRB2|ADRA1B|ADRA2C|ADRB3|ADRA1D|ADRA2A|ADRB1|ADRA2B|PAH
Benzphetamine	3	SLC6A3|ADRA1A|ADRA2A
Ephedra	11	MAOA|SLC6A2|ADRB2|ADRA2C|ADRB3|MAOB|SLC6A4|ADRA2A|SLC6A3|ADRB1|ADRA2B
Ephedrine	2	ADRA1A|SLC6A2
Dextroamphetamine	4	ADRA1A|SLC6A2|ADRA1B|SLC6A3
Methamphetamine	8	MAOA|SLC6A2|ADRA2C|MAOB|SLC6A4|ADRA2A|SLC6A3|ADRA2B
Tetrabenazine	1	DRD2
Isometheptene	1	ADRA1A
Glyburide	9	KCNJ1|KCNJ5|ABCA1|CPT1A|ABCC8|KCNJ11|CFTR|KCNJ8|ABCB11
Probucol	2	ABCA1|CES1
Tetrahydrobiopterin	3	NOS3|PAH|TH
Diethylstilbestrol	3	ESRRG|ESR1|ESR2
Conjugated Estrogens	1	ESR1
Etonogestrel	2	PGR|ESR1
Desogestrel	2	PGR|ESR1
Levonorgestrel	4	AR|PGR|ESR1|SRD5A1
Progesterone	4	NR3C2|PGR|CYP17A1|ESR1
Raloxifene	2	ESR1|ESR2
Toremifene	1	ESR1
Medroxyprogesterone Acetate	2	PGR|ESR1
Estrone	1	ESR1
Tamoxifen	11	PRKCD|PRKCI|PRKCE|PRKCG|PRKCA|PRKCZ|ESR1|ESR2|PRKCQ|PRKCB|EBP
Estradiol	3	ESR1|NR1I2|ESR2
Ethynodiol	2	PGR|ESR1
Clomifene	1	ESR1
Dienestrol	1	ESR1
Fulvestrant	1	ESR1
Norgestimate	2	PGR|ESR1
Ethinyl Estradiol	2	ESR1|NR1I2
Melatonin	7	CALM3|MTNR1A|ESR1|NQO2|MPO|MTNR1B|CALR
Naloxone	5	CREB1|OPRD1|TLR4|ESR1|OPRM1
Fluoxymesterone	4	AR|ESR1|PRLR|NR3C1
Estramustine	4	MAP1A|ESR1|MAP2|ESR2
Mestranol	1	ESR1
Danazol	5	AR|PGR|ESR1|GNRHR|CCL2
Allylestrenol	2	PGR|ESR1
Estriol	2	ESR1|ESR2
Estropipate	2	ESR1|ESR2
Quinestrol	1	ESR1
Ospemifene	1	ESR1
Bazedoxifene	1	ESR1
Amlexanox	2	IL3|FGF1
Temazepam	3	TSPO|GABRA3|GABRA4
Adinazolam	1	GABRA3
Midazolam	2	GABRA3|GABRA4
Flurazepam	2	GABRA3|GABRA4
Halazepam	2	GABRA3|GABRA4
Diazepam	3	TSPO|GABRA3|GABRA4
Oxazepam	2	GABRA3|GABRA4
Triazolam	3	TSPO|GABRA3|GABRA4
Estazolam	2	GABRA3|GABRA4
Bromazepam	2	GABRA3|GABRA4
Clotiazepam	1	GABRA3
Fludiazepam	1	GABRA3
Prazepam	2	GABRA3|GABRA4
Quazepam	2	GABRA3|GABRA4
Cinolazepam	1	GABRA3
Nitrazepam	3	SCN1A|GABRA3|GABRA4
Mefloquine	2	HBA2|ADORA2A
Spironolactone	25	CACNG1|CACNA2D1|CACNA1D|CACNA1C|CACNA1S|CACNA1G|CACNA1B|CACNB4|AR|SRD5A1|CACNA1H|SRD5A3|CACNA2D2|CACNA1F|CACNA1I|CACNB1|PGR|CACNB3|CACNA2D3|CACNB2|CACNA1A|NR3C2|SHBG|CYP11B2|NR3C1
Flutamide	2	AR|AHR
Oxandrolone	1	AR
Testosterone	1	AR
Nilutamide	1	AR
Fludrocortisone	3	AR|NR3C2|NR3C1
Drostanolone	1	AR
Nandrolone phenpropionate	1	AR
Ketoconazole	3	AR|CYP21A2|CYP19A1
Bicalutamide	1	AR
Drospirenone	3	AR|PGR|NR3C2
Testosterone Propionate	1	AR
Cyproterone acetate	1	AR
Oxymetholone	2	AR|NPPB
Methyltestosterone	1	AR
Nandrolone decanoate	1	AR
Ulipristal	3	AR|PGR|NR3C1
Enzalutamide	1	AR
Guanidine	2	ALDH2|DLG4
Disulfiram	2	ALDH2|DBH
Goserelin	2	LHCGR|GNRHR
Menotropins	2	LHCGR|FSHR
Lutropin alfa	1	LHCGR
Cetrorelix	2	LHCGR|GNRHR
Choriogonadotropin alfa	2	LHCGR|FSHR
Buserelin	2	LHCGR|GNRHR
Phenytoin	2	SCN5A|SCN1A
Topiramate	3	SCN1A|GABRA3|GABRA4
Phenacemide	1	SCN1A
Phenazopyridine	1	SCN1A
Permethrin	1	SCN1A
Vinorelbine	1	TUBB
Vincristine	2	TUBA4A|TUBB
Vinblastine	5	TUBD1|TUBG1|JUN|TUBB|TUBA1A
Podofilox	3	TOP2A|TUBB|TUBA4A
Mianserin	21	ADRA2C|HTR1A|HTR1F|DRD5|SLC6A4|DRD1|HTR2A|HRH1|SLC6A2|ADRA1D|ADRA2B|HTR7|HTR2C|ADRA1A|ADRA1B|HTR2B|DRD2|DRD3|ADRA2A|SLC6A3|HTR6
Valproic Acid	15	HDAC2|SCN8A|SCN3B|SCN1A|SCN11A|SCN3A|SCN5A|SCN7A|SCN2A|SCN9A|SCN10A|SCN4B|SCN1B|SCN4A|HDAC9
Quinidine barbiturate	2	SCN5A|GRIA2
Imiquimod	1	TLR7
Hydroxychloroquine	2	TLR9|TLR7
Remoxipride	4	DRD3|DRD4|HTR2A|DRD2
Dextromethorphan	18	CYBA|SLC6A4|CYBB|NCF1|CHRNA2|NCF4|GRIN3A|SLC6A2|NCF2|RAC1|CHRNA3|PGRMC1|CHRNB4|CHRNB2|CHRNA4|OPRD1|OPRM1|RAC2
Pentazocine	1	OPRM1
Captodiame	2	HTR2C|DRD3
Thiamine	1	SLC19A2
Bevacizumab	10	C1QB|VEGFA|FCGR1A|C1QC|C1QA|FCGR3B|C1R|FCGR2A|FCGR2B|FCGR3A
Gliclazide	2	VEGFA|ABCC8
Ranibizumab	1	VEGFA
Vandetanib	4	EGFR|VEGFA|PTK6|TEK
Dalteparin	4	TFPI|VEGFA|SELP|SERPINC1
Aflibercept	3	VEGFA|VEGFB|PGF
Desmopressin	3	AVPR2|AVPR1B|AVPR1A
Vasopressin	3	AVPR2|AVPR1B|AVPR1A
Felypressin	1	AVPR1A
Conivaptan	2	AVPR2|AVPR1A
Terlipressin	3	AVPR2|AVPR1B|AVPR1A
Tolvaptan	2	AVPR2|AVPR1A
Bleomycin	2	LIG1|LIG3
Esmolol	1	ADRB1
Betaxolol	2	ADRB2|ADRB1
Isoetarine	2	ADRB2|ADRB1
Metoprolol	2	ADRB2|ADRB1
Atenolol	2	ADRB2|ADRB1
Mirtazapine	19	ADRA2C|DRD5|SLC6A4|DRD1|HTR2A|HRH1|SLC6A2|ADRA1D|ADRB1|HTR7|HTR2C|ADRA1A|ADRA1B|HTR2B|DRD2|DRD3|ADRB2|ADRA2A|SLC6A3
Timolol	2	ADRB2|ADRB1
Carteolol	2	ADRB2|ADRB1
Propranolol	5	ADRB2|HTR1B|HTR1A|ADRB1|ADRB3
Labetalol	5	ADRA1A|ADRB2|ADRA1B|ADRA1D|ADRB1
Bisoprolol	2	ADRB2|ADRB1
Epinephrine	11	ADRA1A|ADRB2|ADRA1B|ADRA2C|TNF|ADRA2A|ADRA1D|ADRA2B|ADRB1|ADRB3|PAH
Dobutamine	2	ADRB2|ADRB1
Pseudoephedrine	20	ADRA1A|SLC6A2|ADRB2|ATF7|JUN|ATF2|IL2|FOS|ATF6|TNF|SLC6A3|ADRA2A|ADRB1|SLC6A4|ATF3|JDP2|NFATC1|ATF4|ATF1|ATF5
Alprenolol	3	HTR1A|ADRB2|ADRB1
Pindolol	4	HTR1B|HTR1A|ADRB2|ADRB1
Salbutamol	2	ADRB2|ADRB1
Isoprenaline	7	MAPK1|PIK3R3|ADRB2|PIK3R1|PIK3R2|ADRB1|ADRB3
Arbutamine	3	ADRB3|ADRB2|ADRB1
Acebutolol	2	ADRB2|ADRB1
Nadolol	2	ADRB2|ADRB1
Levobunolol	2	ADRB2|ADRB1
Metipranolol	2	ADRB2|ADRB1
Fenoterol	3	ADRB3|ADRB2|ADRB1
Pirbuterol	2	ADRB2|ADRB1
Bevantolol	3	ADRA1A|ADRB2|ADRB1
Practolol	1	ADRB1
Penbutolol	4	HTR1B|HTR1A|ADRB2|ADRB1
Clenbuterol	5	ADRB2|NGF|TNF|ADRB1|ADRB3
Oxprenolol	2	ADRB2|ADRB1
Celiprolol	2	ADRB2|ADRB1
Nebivolol	2	ADRB2|ADRB1
Droxidopa	10	ADRA1A|ADRB2|ADRA1B|ADRA2C|ADRA1D|ADRA2A|ADRA2B|ADRB1|ADRB3|PAH
Bopindolol	5	ADRB2|HTR1B|HTR1A|ADRB1|ADRB3
Bupranolol	3	ADRB3|ADRB2|ADRB1
Vortioxetine	5	HTR1B|HTR1A|SLC6A4|ADRB1|HTR7
Lidocaine	4	EGFR|SCN10A|SCN5A|SCN9A
Ropivacaine	1	SCN10A
Hexylcaine	2	SCN10A|SCN5A
Cinchocaine	3	SCN10A|CALM3|SCN5A
Dyclonine	1	SCN10A
Procaine	14	KCNN2|MAOA|KCNMB4|GRIN3A|KCNMB3|SCN10A|KCNMA1|KCNMB2|SLC6A3|KCNN4|MAOB|KCNN3|CHRNA2|KCNMB1
Proparacaine	1	SCN10A
Oxybuprocaine	1	SCN10A
Mepivacaine	1	SCN10A
Levobupivacaine	1	SCN10A
Benzocaine	1	SCN10A
Chloroprocaine	3	GRIN3A|SCN10A|SLC6A3
Orphenadrine	7	SLC6A2|GRIN3A|GRIN1|GRIN2D|SCN10A|GRIN3B|HRH1
Lacosamide	3	SCN10A|SCN3A|SCN9A
Perhexiline	1	CPT1A
Hexachlorophene	1	GLUD1
Sildenafil	1	PDE6G
Vardenafil	1	PDE6G
Dipyridamole	3	ADA|PDE10A|PDE4A
Glutathione	28	LTC4S|GSTA1|GSTM5|HPGDS|GPX8|GPX4|GSTA3|MGST3|GPX2|GSTA2|GPX1|GSTP1|GSTT1|GLO1|GGT1|GSTM2|GSR|GSS|GSTO2|GSTA5|MGST1|GSTM1|GSTM4|GSTM3|ESD|GSTA4|MGST2|GSTO1
L-Aspartic Acid	6	ASS1|SLC25A12|ASNS|PAICS|ASPH|CAD
Phosphatidylserine	4	SCARB1|SMPD3|ATP8A1|PRKCA
Equilin	1	HSD17B1
Indecainide	1	SCN5A
Ranolazine	2	SCN5A|SCN9A
Mexiletine	2	SCN5A|AHR
Carbamazepine	1	SCN5A
Moricizine	1	SCN5A
Prilocaine	1	SCN5A
Ethotoin	1	SCN5A
Oxcarbazepine	1	SCN5A
Benzonatate	1	SCN5A
Procainamide	2	DNMT1|SCN5A
Tocainide	1	SCN5A
Flecainide	2	SCN5A|SCN4A
Encainide	1	SCN5A
Fosphenytoin	1	SCN5A
Ajmaline	1	SCN5A
Aprindine	2	CALM3|SCN5A
Leuprolide	1	GNRHR
Abarelix	1	GNRHR
Gonadorelin	1	GNRHR
Nafarelin	1	GNRHR
Degarelix	1	GNRHR
Ganirelix	1	GNRHR
Triptorelin	1	GNRHR
Becaplermin	3	A2M|PDGFRA|PDGFRB
Tamibarotene	2	RARB|RARA
Glimepiride	3	KCNJ11|KCNJ1|ABCC8
Chlorpropamide	1	ABCC8
Nateglinide	2	PPARG|ABCC8
Repaglinide	2	PPARG|ABCC8
Glipizide	2	PPARG|ABCC8
Tolbutamide	2	KCNJ1|ABCC8
Gliquidone	2	KCNJ8|ABCC8
Mitiglinide	2	PPARG|ABCC8
Glycodiazine	2	KCNJ1|ABCC8
Alteplase	4	SERPINE1|PLG|FGA|PLAUR
Urokinase	10	ST14|SERPINB2|PLAUR|PLAT|SERPINE1|NID1|PLG|LRP2|SERPINA5|PLAU
Reteplase	4	SERPINE1|PLG|FGA|PLAUR
Anistreplase	4	SERPINE1|PLG|FGA|PLAUR
Tenecteplase	10	CANX|FGA|KRT8|LRP1|SERPINB2|ANXA2|PLAUR|SERPINE1|PLG|CALR
Streptokinase	2	F2R|PLG
Tranexamic Acid	1	PLG
Aminocaproic Acid	2	PLG|PLAT
Aprotinin	3	KLK1|PLG|PRSS1
Rosiglitazone	1	PPARG
Pioglitazone	1	PPARG
Antihemophilic Factor (Recombinant)	7	CANX|F10|F9|LRP1|VWF|HSPA5|CALR
Coagulation factor VIIa	4	F10|F7|TFPI|F3
Fondaparinux sodium	2	F10|SERPINC1
Heparin	3	SELP|F10|SERPINC1
Enoxaparin	2	F10|SERPINC1
Rivaroxaban	1	F10
Apixaban	1	F10
Edoxaban	1	F10
Baclofen	2	GABBR2|GABBR1
Progabide	1	GABBR1
Vigabatrin	1	GABBR1
Enflurane	6	KCNN4|GABRA4|ATP2C1|GRIA1|GLRB|GABRA3
Isoflurane	5	CALM3|GABRA4|ATP2C1|GRIA1|GABRA3
Methoxyflurane	5	GABRA4|ATP2C1|GRIA1|GABRA3|ND1
Halothane	16	RHO|GNG2|KCNN4|KCNJ3|GRIN3B|GRIN3A|KCNJ6|KCNK3|KCNMA1|GABRA4|ATP2C1|KCNK9|GABRA3|NPSR1|GRIN2A|ND1
Desflurane	5	GABRA4|ATP2C1|GRIA1|GABRA3|ND1
Sevoflurane	5	GABRA4|ATP2C1|GRIA1|GABRA3|ND1
L-Asparagine	2	ASNS|SLC1A5
Primaquine	2	KRT7|NQO2
Ramipril	1	ACE
Fosinopril	1	ACE
Trandolapril	1	ACE
Benazepril	1	ACE
Enalapril	1	ACE
Candoxatril	2	MME|ACE
Moexipril	2	ACE2|ACE
Lisinopril	2	ACE2|ACE
Perindopril	1	ACE
Quinapril	1	ACE
Rescinnamine	1	ACE
Cilazapril	1	ACE
Spirapril	1	ACE
Fomepizole	2	CAT|ADH1C
L-Tryptophan	1	WARS
Cyclothiazide	2	CA1|FXYD2
L-Tyrosine	1	TH
Lomitapide	1	MTTP
AST-120	1	LPL
Tyloxapol	1	LPL
Mitotane	2	CYP11B1|FDX1
Rasagiline	2	MAOB|BCL2
Masoprocol	1	ALOX5
Aminosalicylic Acid	4	ALOX5|PTGS2|PLA2G2E|CHUK
Montelukast	2	ALOX5|CYSLTR1
Zileuton	1	ALOX5
Cladribine	9	POLE|POLE3|POLE2|RRM1|PNP|POLA1|RRM2B|POLE4|RRM2
Didanosine	1	PNP
Azelaic Acid	1	TYR
Monobenzone	1	TYR
Mimosine	2	CCL2|TYR
Phenelzine	3	MAOA|MAOB|GPT2
Metformin	1	PRKAB1
Ribavirin	2	IMPDH1|ENPP1
Lenalidomide	3	PTGS2|CDH5|TNFSF11
Celecoxib	2	PTGS2|PDPK1
Thalidomide	5	FGFR2|PTGS2|NFKB1|ORM2|TNF
Ginseng	3	PTGS2|IL6|AHR
Etoricoxib	1	PTGS2
Nimesulide	3	PTGS2|LTF|PLA2G2E
Parecoxib	2	PTGS2|LTF
Pomalidomide	2	PTGS2|TNF
Apremilast	7	NOS3|PDE4D|IFNG|PDE4A|IL2|TNF|PDE4B
Sacubitril	1	MME
Methyclothiazide	1	CA1
Amlodipine	9	CA1|CACNA2D1|CACNA1D|CACNA1C|CACNA1S|CACNA1B|CACNA2D3|CACNB2|SMPD1
Methocarbamol	1	CA1
Bendroflumethiazide	3	CA1|KCNMA1|SLC12A3
Benzthiazide	3	CA1|CA9|SLC12A3
Methazolamide	1	CA1
Hydroflumethiazide	4	CA1|CA9|KCNMA1|ATP1A1
Acetazolamide	2	CA1|AQP1
Dorzolamide	1	CA1
Chlorothiazide	2	CA1|SLC12A3
Hydrochlorothiazide	4	CA1|CA9|KCNMA1|SLC12A3
Trichlormethiazide	2	CA1|ATP1A1
Ethinamate	1	CA1
Diazoxide	5	CA1|KCNJ11|KCNMA1|ATP1A1|SLC12A3
Diclofenamide	1	CA1
Brinzolamide	1	CA1
Quinethazone	3	SLC12A2|CA1|SLC12A3
Remikiren	1	REN
Aliskiren	1	REN
Folic Acid	2	FOLR3|FOLR2
Muromonab	14	C1QB|FCGR1A|C1QC|CD3D|C1QA|FCGR3B|CD3G|C1R|C1S|FCGR2A|FCGR2B|CD247|FCGR3A|CD3E
Ardeparin	2	SERPIND1|SERPINC1
Sulodexide	2	SERPIND1|SERPINC1
Tinzaparin	3	ITGA4|CXCL12|SERPINC1
Nadroparin	4	SELP|MYC|SERPINC1|FOS
Urea	1	CTNNB1
Dihydroergotamine	4	HTR2B|HTR1B|HTR1D|ADRA2A
Dipivefrin	3	ADRA1A|ADRB2|ADRA2A
Brimonidine	3	ADRA2C|ADRA2A|ADRA2B
Clonidine	6	ADRA1A|ADRA1B|ADRA2C|ADRA1D|ADRA2A|ADRA2B
Guanabenz	2	ADRA2A|ADRA2B
Dexmedetomidine	1	ADRA2A
Trazodone	7	HTR2C|ADRA1A|HTR1A|SLC6A4|ADRA2A|HTR2A|HRH1
Phentolamine	2	ADRA2A|ADRA1A
Ergotamine	15	HTR2C|ADRA1A|SLC6A2|ADRA1B|HTR1B|HTR1D|HTR1A|HTR1F|DRD5|ADRA1D|ADRA2A|ADRA2B|DRD1|HTR2A|DRD2
Tizanidine	3	ADRA2C|ADRA2A|ADRA2B
Trimipramine	23	HTR1D|HTR1A|DRD5|SLC6A4|DRD1|HTR2A|HRH1|SLC6A2|ADRA2B|ADRB1|ADRB3|CHRM4|HTR2C|ADRA1A|ADRA1B|CHRM3|CHRM5|DRD2|CHRM1|ADRB2|ADRA2A|SLC6A3|CHRM2
Phenoxybenzamine	8	ADRA1A|ADRB2|ADRA1B|ADRA2C|CALM3|ADRA1D|ADRA2A|ADRA2B
Oxymetazoline	6	ADRA1A|ADRA1B|ADRA2C|ADRA1D|ADRA2A|ADRA2B
Apraclonidine	3	ADRA2A|ADRA2B|ADRA1A
Methyldopa	2	ADRA2A|DDC
Guanfacine	2	ADRA2A|ADRA2B
Nefazodone	9	HTR2C|ADRA1A|SLC6A2|ADRA1B|HTR1A|SLC6A4|ADRA2A|SLC6A3|HTR2A
Yohimbine	16	HTR2C|DRD3|KCNJ1|HTR2B|ADRA2C|HTR1B|HTR1D|HTR1A|KCNJ11|KCNJ12|ADRA2A|ADRA2B|KCNJ14|KCNJ8|HTR2A|DRD2
Lofexidine	1	ADRA2A
Flupirtine	1	ADRA2A
Xylometazoline	6	ADRA1A|ADRA1B|ADRA2C|ADRA1D|ADRA2A|ADRA2B
Naphazoline	2	ADRA2A|ADRA1A
Lurasidone	6	ADRA2C|HTR1A|ADRA2A|HTR7|HTR2A|DRD2
Eletriptan	7	HTR2B|HTR1B|HTR1D|HTR1A|HTR1F|HTR1E|HTR7
Methysergide	8	HTR2C|HTR2B|HTR1B|HTR1A|HTR1F|HTR1E|HTR7|HTR2A
Zolmitriptan	4	HTR1B|HTR1D|HTR1A|HTR1F
Buspirone	2	HTR1A|DRD2
Sumatriptan	4	HTR1B|HTR1D|HTR1A|HTR1F
Naratriptan	4	HTR1B|HTR1D|HTR1A|HTR1F
Alverine	1	HTR1A
Flibanserin	3	HTR2A|HTR1A|DRD4
Cariprazine	6	DRD3|HTR2B|HTR1A|HTR2A|HRH1|DRD2
Vilazodone	1	HTR1A
Brexpiprazole	5	ADRA1B|ADRA2C|HTR1A|HTR2A|DRD2
Nimodipine	10	CACNA1D|CACNB1|NR3C2|CACNA1C|CACNA1S|AHR|CACNB3|CACNB2|CACNB4|CACNA1F
Magnesium Sulfate	6	CACNG1|CACNA2D1|CACNB1|CACNA1C|CACNA1S|CACNB2
Ethanol	25	CACNG1|CACNA1D|CACNA1C|CACNA1S|CHRNA6|GRIA2|KCNJ3|CHRNA2|GRIA3|GRIN3A|VCAM1|KCNJ9|KCNJ6|CACNG2|GABRA4|CHRNA3|CACNB1|GRIA1|GABRA3|CHRNB4|GRIA4|CHRNB2|CHRNA4|SLC29A1|KCNJ5
Methadone	3	GRIN3A|OPRD1|OPRM1
Rocuronium	2	CHRM2|CHRNA2
Memantine	5	GRIN2B|GRIN3A|GRIN1|GRIN2A|DRD2
Tubocurarine	1	CHRNA2
Tapentadol	4	SLC6A2|OPRD1|SLC6A4|OPRM1
Liothyronine	2	THRA|THRB
Levothyroxine	2	THRA|THRB
Dextrothyroxine	2	THRA|THRB
Liotrix	2	THRA|THRB
Secretin	1	SCTR
Raltitrexed	2	FPGS|TYMS
Floxuridine	1	TYMS
Trifluridine	1	TYMS
Trimethoprim	2	DHFR|TYMS
Gemcitabine	2	RRM1|TYMS
Fluorouracil	1	TYMS
Pemetrexed	2	DHFR|TYMS
Leucovorin	1	TYMS
Capecitabine	1	TYMS
Pralatrexate	2	DHFR|TYMS
Clofarabine	2	RRM1|POLA1
Hydroxyurea	1	RRM1
Fludarabine	2	RRM1|POLA1
Pentosan Polysulfate	3	FGF2|FGF1|FGF4
Ramelteon	2	MTNR1B|MTNR1A
Agomelatine	3	MTNR1B|HTR2C|MTNR1A
Tasimelteon	2	MTNR1B|MTNR1A
Prednisone	2	HSD11B1|NR3C1
Pyrimethamine	1	DHFR
Methotrexate	1	DHFR
Gentamicin	2	DHFR|LRP2
Proguanil	1	DHFR
Trimetrexate	1	DHFR
Cholic Acid	5	CES1|PLA2G1B|ADH1C|ESRRG|FABP6
Abiraterone	1	CYP17A1
Pantoprazole	1	ATP4A
Omeprazole	1	ATP4A
Lansoprazole	1	ATP4A
Esomeprazole	1	ATP4A
Rabeprazole	1	ATP4A
Pregabalin	1	CACNA1A
Loperamide	5	OPRD1|CALM3|POMC|OPRM1|CACNA1A
Bepridil	9	CACNA1H|KCNQ1|CACNA2D2|CALM3|PDE1B|TNNC1|ATP1A1|CACNA1A|PDE1A
Crizotinib	2	MET|ALK
Ceritinib	1	ALK
Alectinib	1	ALK
Pethidine	14	GRIN2B|CHRM1|SLC6A2|CHRM2|GRIN1|GRIN2D|GRIN2C|SLC6A3|SLC6A4|OPRM1|CHRM3|CHRM5|GRIN2A|CHRM4
Ifenprodil	2	GRIN2B|GRIN1
Misoprostol	3	PTGER3|PTGER2|PTGER4
Ramucirumab	1	KDR
Cabozantinib	3	KDR|RET|MET
L-Glutamine	3	GLUL|PPAT|CTPS1
Cyclosporine	2	PPP3R2|PPIF
Sodium Tetradecyl Sulfate	2	PROC|PROS1
Butalbital	5	GRIK2|GABRA3|GRIA2|CHRNA4|GABRA4
Talbutal	5	GRIK2|GABRA3|GRIA2|CHRNA4|GABRA4
Pentobarbital	12	GRIK2|GRIN2B|GRIN1|GRIA2|GRIN3B|GRIN3A|GABRA4|GABRA3|GRIN2C|GRIN2A|CHRNA4|GRIN2D
Meprobamate	2	GABRA3|GABRA4
Eszopiclone	3	TSPO|GABRA3|GABRA4
Secobarbital	12	GRIK2|GRIN2B|GRIN3A|GRIN1|GRIN2D|GRIN3B|GABRA3|GRIA2|CHRNA4|GRIN2C|GRIN2A|GABRA4
Zolpidem	1	GABRA3
Thiopental	6	GRIK2|GABRA3|GRIA2|CHRNA4|FAAH|GABRA4
Primidone	5	GRIK2|GABRA3|GRIA2|CHRNA4|GABRA4
Methylphenobarbital	5	GRIK2|GABRA3|GRIA2|CHRNA4|GABRA4
Zopiclone	2	TSPO|GABRA3
Amobarbital	5	GRIK2|GABRA3|GRIA2|CHRNA4|GABRA4
Aprobarbital	5	GRIK2|GABRA3|GRIA2|CHRNA4|GABRA4
Butethal	5	GRIK2|GABRA3|GRIA2|CHRNA4|GABRA4
Heptabarbital	5	GRIK2|GABRA3|GRIA2|CHRNA4|GABRA4
Hexobarbital	5	GRIK2|GABRA3|GRIA2|CHRNA4|GABRA4
Flunitrazepam	3	TSPO|GABRA3|GABRA4
Leflunomide	3	DHODH|PTK2B|AHR
Atovaquone	1	DHODH
Teriflunomide	1	DHODH
Aprepitant	1	TACR1
Ketamine	19	TACR1|HTR2C|CHRM1|GRIN3A|SLC6A2|CHRM2|OPRD1|HTR2B|HTR1B|HTR1D|HTR1A|HTR1F|HTR2A|HTR1E|CHRM3|OPRM1|CHRM5|CHRM4|DRD2
Vapreotide	3	TACR1|SSTR5|SSTR2
Netupitant	1	TACR1
Peginterferon alfa-2a	2	IFNAR2|IFNAR1
Interferon alfa-n1	2	IFNAR2|IFNAR1
Interferon alfa-n3	2	IFNAR2|IFNAR1
Peginterferon alfa-2b	2	IFNAR2|IFNAR1
Interferon Alfa-2a, Recombinant	2	IFNAR2|IFNAR1
Interferon beta-1a	2	IFNAR2|IFNAR1
Interferon beta-1b	2	IFNAR2|IFNAR1
Interferon alfacon-1	2	IFNAR2|IFNAR1
Interferon Alfa-2b, Recombinant	2	IFNAR2|IFNAR1
Follitropin beta	1	FSHR
Urofollitropin	1	FSHR
Botulinum Toxin Type A	2	RHOB|SNAP25
Clomipramine	6	HTR2C|SLC6A2|HTR2B|GSTP1|SLC6A4|HTR2A
Pegfilgrastim	2	ELANE|CSF3R
Alpha-1-proteinase inhibitor	1	ELANE
Filgrastim	2	ELANE|CSF3R
Aspartame	2	TAS1R2|TRPV1
Ceruletide	1	CCKAR
Phylloquinone	1	BGLAP
Spermine	1	ODC1
Eflornithine	1	ODC1
Nicotine	8	CHRNA3|CHAT|CHRNA2|CHRNA6|CYP19A1|CHRNB4|CHRNB2|CHRNA4
Galantamine	7	CHRNA3|CHRNA2|CHRNA6|CHRNA1|CHRNB4|CHRNB2|CHRNA4
Pentolinium	2	CHRNA3|CHRNB4
Clotrimazole	1	KCNN4
Quinine	2	KCNN4|GP9
Oprelvekin	1	IL11RA
Felbamate	3	GRIN2B|GRIN2A|GRIN3A
Trifluoperazine	5	ADRA1A|CALM3|TNNC1|S100A4|DRD2
Felodipine	12	CACNA1H|CACNA2D1|CACNA1D|NR3C2|CACNA1C|CACNA1S|CACNA2D2|CALM3|PDE1B|TNNC1|CACNB2|PDE1A
Nifedipine	7	CACNA1H|CACNA2D1|CACNA1D|CACNA1C|CACNA1S|CALM3|CACNB2
Metolazone	1	SLC12A3
Polythiazide	1	SLC12A3
Morphine	2	OPRD1|OPRM1
Codeine	2	OPRD1|OPRM1
Hydromorphone	2	OPRD1|OPRM1
Oxycodone	3	OPRD1|ORM2|OPRM1
Butorphanol	2	OPRD1|OPRM1
Dextropropoxyphene	2	OPRD1|OPRM1
Naltrexone	2	OPRD1|OPRM1
Sufentanil	2	OPRD1|OPRM1
Fentanyl	2	OPRD1|OPRM1
Nalbuphine	2	OPRD1|OPRM1
Levorphanol	2	OPRD1|OPRM1
Remifentanil	2	OPRD1|OPRM1
Buprenorphine	2	OPRD1|OPRM1
Hydrocodone	2	OPRD1|OPRM1
Diphenoxylate	2	OPRD1|OPRM1
Oxymorphone	2	OPRD1|OPRM1
Heroin	2	OPRD1|OPRM1
Alvimopan	2	OPRD1|OPRM1
Ketobemidone	9	GRIN2B|GRIN3A|OPRD1|GRIN1|GRIN2D|GRIN2C|OPRM1|GRIN2A|GRIN3B
Eluxadoline	2	OPRD1|OPRM1
Amcinonide	2	ANXA1|NR3C1
Hydrocortisone	2	ANXA1|NR3C1
Nicotinamide	3	LDHA|PARP1|BST1
Choline	4	PCYT1A|PLD1|PLD2|PCYT1B
Gallamine Triethiodide	2	CHRNA2|CHRM2
Donepezil	1	HTR2A
Decamethonium	1	CHRNA2
Arsenic trioxide	7	MAPK1|MAPK3|AKT1|JUN|TXNRD1|IKBKB|CCND1
Isradipine	7	CACNA1H|CACNA2D1|CACNA1D|CACNA1C|CACNA1S|CACNA2D2|CACNB2
Nisoldipine	5	CACNA2D1|CACNA1D|CACNA1C|CACNA1S|CACNB2
Nitrendipine	8	CACNG1|CACNA1H|CACNA2D1|CACNA1D|CACNA1C|CACNA1S|CACNA2D2|CACNB2
Clevidipine	4	CACNA1F|CACNA1D|CACNA1C|CACNA1S
Nilvadipine	6	CACNA2D1|CACNA1D|CACNA1C|CACNA1S|CACNA2D3|CACNB2
Drotaverine	2	PDE4A|CACNA1C
Salmon Calcitonin	1	CALCR
Pramlintide	4	RAMP3|CALCR|RAMP1|RAMP2
Ginkgo biloba	2	SLC6A2|PLA2G2A
Milrinone	1	PDE3A
Anagrelide	1	PDE3A
Levosimendan	4	KCNJ8|PDE3A|KCNJ11|TNNC1
Cilostazol	1	PDE3A
Amrinone	3	TNF|PDE3A|PDE4B
Enoximone	1	PDE3A
Ibudilast	5	PDE4D|PDE4C|PDE4A|PDE3A|PDE4B
Tofisopam	3	PDE3A|PDE10A|PDE4A
Abciximab	13	C1QB|FCGR1A|C1QC|C1QA|FCGR3B|C1R|C1S|FCGR2A|ITGB3|ITGA2B|FCGR2B|FCGR3A|VTN
Tirofiban	2	ITGB3|ITGA2B
Clemastine	1	HRH1
Cetirizine	1	HRH1
Dexbrompheniramine	1	HRH1
Triprolidine	1	HRH1
Loratadine	1	HRH1
Hydroxyzine	1	HRH1
Azatadine	1	HRH1
Meclizine	1	HRH1
Carbinoxamine	1	HRH1
Olopatadine	3	S100A2|S100A1|HRH1
Tripelennamine	1	HRH1
Methdilazine	1	HRH1
Ketotifen	8	PDE4D|PGD|PDE4C|PDE4A|PDE7A|PDE8A|PDE4B|HRH1
Fexofenadine	1	HRH1
Desloratadine	1	HRH1
Azelastine	1	HRH1
Dimenhydrinate	1	HRH1
Mequitazine	1	HRH1
Diphenhydramine	1	HRH1
Emedastine	1	HRH1
Levocabastine	2	NTSR2|HRH1
Chlorphenamine	4	SLC6A2|SLC6A3|HRH1|SLC6A4
Diphenylpyraline	2	SLC6A3|HRH1
Cyclizine	2	HRH1|SULT1E1
Bromodiphenhydramine	1	HRH1
Alimemazine	1	HRH1
Aceprometazine	1	HRH1
Phenindamine	1	HRH1
Pheniramine	1	HRH1
Clofedanol	1	HRH1
Bepotastine	1	HRH1
Levocetirizine	1	HRH1
Mepyramine	1	HRH1
Betahistine	1	HRH1
Alcaftadine	1	HRH1
Antazoline	1	HRH1
Chloropyramine	1	HRH1
Dimetindene	2	HRH1|CHRM2
Isothipendyl	1	HRH1
Chlorcyclizine	1	HRH1
Butriptyline	3	HTR2A|SLC6A4|HRH1
Alfacalcidol	2	VDR|CYP27B1
Cyclobenzaprine	1	HTR2A
Mesoridazine	2	HTR2A|DRD2
Fluspirilene	3	CACNG1|HTR2A|DRD2
Amisulpride	4	HTR7|HTR2A|DRD3|DRD2
Octreotide	3	SSTR1|SSTR5|SSTR2
Pasireotide	3	SSTR1|SSTR5|SSTR2
Amifostine	1	ENPP1
Rizatriptan	3	HTR1B|HTR1D|HTR1F
Bortezomib	4	PSMA4|PSMB1|PSMB6|PSMA7
Interferon gamma-1b	2	IFNGR2|IFNGR1
Flumazenil	2	GABRA3|GABRA4
Dinoprost Tromethamine	2	PTGIR|PTGFR
Selexipag	1	PTGIR
Trimethadione	1	CACNA1G
Ethosuximide	1	CACNA1G
Methsuximide	1	CACNA1G
Phentermine	5	MAOA|SLC6A2|MAOB|SLC6A4|SLC6A3
Guanadrel	1	SLC6A2
Reboxetine	1	SLC6A2
Venlafaxine	3	SLC6A4|SLC6A3|SLC6A2
Atomoxetine	10	GRIN2B|SLC6A2|GRIN3A|GRIN1|GRIN2D|SLC6A4|SLC6A3|GRIN2C|GRIN2A|GRIN3B
Protriptyline	2	SLC6A4|SLC6A2
Methylphenidate	3	SLC6A4|SLC6A3|SLC6A2
Duloxetine	3	SLC6A4|SLC6A3|SLC6A2
Mazindol	3	SLC6A4|SLC6A3|SLC6A2
Phenmetrazine	2	SLC6A3|SLC6A2
Diethylpropion	2	SLC6A3|SLC6A2
Sibutramine	3	SLC6A4|SLC6A3|SLC6A2
Bupropion	3	CHRNA3|SLC6A3|SLC6A2
Guanethidine	1	SLC6A2
Phendimetrazine	3	ADRA1A|SLC6A2|ADRA1B
Debrisoquin	1	SLC6A2
Milnacipran	9	GRIN2B|SLC6A2|GRIN3A|GRIN1|GRIN2D|SLC6A4|GRIN2C|GRIN2A|GRIN3B
Desvenlafaxine	2	SLC6A4|SLC6A2
Dexmethylphenidate	3	SLC6A4|SLC6A3|SLC6A2
Levonordefrin	2	ADRA1A|SLC6A2
Levomilnacipran	2	SLC6A4|SLC6A2
Papaverine	2	PDE10A|PDE4B
Roflumilast	4	PDE4D|PDE4C|PDE4A|PDE4B
Indapamide	2	KCNE1|KCNQ1
Thyrotropin Alfa	1	TSHR
Porfimer	2	FCGR1A|LDLR
Midodrine	3	ADRA1D|ADRA1A|ADRA1B
Dapiprazole	3	ADRA1D|ADRA1A|ADRA1B
Phenylephrine	3	ADRA1D|ADRA1A|ADRA1B
Droperidol	2	ADRA1A|DRD2
Metaraminol	1	ADRA1A
Nicergoline	1	ADRA1A
Tamsulosin	3	ADRA1D|ADRA1A|ADRA1B
Methoxamine	3	ADRA1D|ADRA1A|ADRA1B
Ergonovine	1	ADRA1A
Silodosin	3	ADRA1D|ADRA1A|ADRA1B
Tetryzoline	1	ADRA1A
Ethacrynic acid	1	ATP1A1
Cinacalcet	1	CASR
Aluminium	2	TF|ATP1A1
Trastuzumab	12	C1QB|FCGR1A|C1QC|C1QA|FCGR3B|EGFR|C1R|C1S|FCGR2A|FCGR2B|ERBB2|FCGR3A
Lapatinib	2	ERBB2|EGFR
ado-trastuzumab emtansine	1	ERBB2
Pertuzumab	1	ERBB2
Afatinib	3	ERBB2|EGFR|ERBB4
Efalizumab	10	C1QB|FCGR1A|C1QC|C1QA|FCGR3B|C1R|FCGR2A|ITGAL|FCGR2B|FCGR3A
Anti-thymocyte Globulin (Rabbit)	8	ITGAV|CD86|CD1A|ITGAL|FCGR2B|ITGB3|CD4|ITGB1
Lovastatin	3	HDAC2|HMGCR|ITGAL
Niacin	3	HCAR2|NNMT|HCAR3
Glucagon recombinant	2	GLP1R|GCGR
Cefotaxime	4	SLC22A7|ALB|SLC22A6|SLC15A1
Vancomycin	1	ALB
Rifampicin	7	SLCO1B3|SLCO2B1|NR1I2|CYP51A1|SLCO1A2|ALB|SLCO1B1
Epirubicin	2	TOP2A|CHD1
Dexfenfluramine	2	HTR2C|SLC6A4
Lorcaserin	1	HTR2C
Sucralfate	5	FGF2|FGA|FGB|FGG|EGF
Dutasteride	1	SRD5A1
Finasteride	1	SRD5A1
Nelarabine	1	POLA1
Chlorzoxazone	1	KCNMA1
Cromoglicic acid	2	KCNMA1|S100P
Nitroprusside	1	NPR1
Nitroglycerin	1	NPR1
Isosorbide Dinitrate	1	NPR1
Amyl Nitrite	1	NPR1
Erythrityl Tetranitrate	1	NPR1
Nesiritide	2	NPR3|NPR1
Megestrol acetate	2	PGR|NR3C1
Dydrogesterone	1	PGR
Fluticasone Propionate	4	PGR|NR3C2|NR3C1|PLA2G4A
Norethindrone	1	PGR
Mifepristone	2	PGR|NR3C1
Norelgestromin	1	PGR
Hydroxyprogesterone caproate	1	PGR
Bethanechol	1	CHRM2
Doxacurium chloride	2	CHRNA2|CHRM2
Metocurine	2	CHRNA2|CHRM2
Anakinra	1	IL1R1
Capromab	1	FOLH1
Etomidate	3	GABRA3|ADRA2B|GABRA4
Pravastatin	1	HMGCR
Simvastatin	2	ITGB2|HMGCR
Atorvastatin	3	HMGCR|DPP4|AHR
Fluvastatin	1	HMGCR
Rosuvastatin	1	HMGCR
Pitavastatin	1	HMGCR
Modafinil	2	SLC6A3|ADRA1B
Lisdexamfetamine	2	SLC6A3|ADRA1B
Sulpiride	2	DRD3|DRD2
Domperidone	2	DRD3|DRD2
Natalizumab	11	C1QB|FCGR1A|C1QC|C1QA|FCGR3B|ITGA4|C1R|ICAM1|FCGR2A|FCGR2B|FCGR3A
Vedolizumab	2	ITGA4|ITGB7
Clodronate	3	SLC25A6|SLC25A5|SLC25A4
Travoprost	1	PTGFR
Latanoprost	1	PTGFR
Tafluprost	1	PTGFR
Metyrosine	1	TH
Ursodeoxycholic acid	1	AKR1C2
Tiludronate	2	PTPN1|ATP6V1A
Sargramostim	5	IL3RA|CSF2RB|CSF2RA|SDC2|PRG2
Menthol	2	TRPM8|TRPA1
Dezocine	1	OPRM1
Methylnaltrexone	1	OPRM1
Vemurafenib	1	BRAF
Perampanel	1	GRIA1
Amantadine	2	GRIN3A|DRD2
Bethanidine	7	ADRB2|KCNJ1|ADRA2C|ADRA2A|ADRB1|ADRA2B|ADRB3
Tolazamide	1	KCNJ1
Sertraline	2	SLC6A4|SLC6A3
Fencamfamine	1	SLC6A3
Armodafinil	1	SLC6A3
Carmustine	1	GSR
Denileukin diftitox	3	IL2RG|IL2RB|IL2RA
Aldesleukin	3	IL2RG|IL2RB|IL2RA
Basiliximab	12	C1QB|FCGR1A|C1QC|C1QA|FCGR3B|C1R|C1S|FCGR2A|IL2RB|FCGR2B|FCGR3A|IL2RA
Daclizumab	11	C1QB|FCGR1A|C1QC|C1QA|FCGR3B|C1R|FCGR2A|IL2RB|FCGR2B|FCGR3A|IL2RA
Darbepoetin alfa	1	EPOR
Epoetin alfa	1	EPOR
Peginesatide	1	EPOR
Epoetin Zeta	1	EPOR
Quinacrine	3	PLA2G6|PLCL1|PLA2G4A
Almotriptan	2	HTR1B|HTR1D
Frovatriptan	2	HTR1B|HTR1D
Natural alpha interferon	1	IFNAR1
Isotretinoin	1	RARA
Eplerenone	1	NR3C2
Gemtuzumab ozogamicin	11	C1QB|FCGR1A|C1QC|C1QA|FCGR3B|CD33|C1R|C1S|FCGR2A|FCGR2B|FCGR3A
Phenformin	2	KCNJ8|PRKAA1
Diltiazem	1	CACNG1
Lercanidipine	1	CACNG1
Orlistat	1	FASN
Cyclandelate	2	CACNA2D1|CES1
Orciprenaline	1	ADRB2
Ritodrine	1	ADRB2
Terbutaline	1	ADRB2
Salmeterol	1	ADRB2
Formoterol	1	ADRB2
Arformoterol	1	ADRB2
Procaterol	1	ADRB2
Bambuterol	1	ADRB2
Indacaterol	1	ADRB2
Olodaterol	1	ADRB2
Vilanterol	1	ADRB2
Pimecrolimus	2	MTOR|FKBP1A
Tacrolimus	1	FKBP1A
Sirolimus	3	MTOR|FKBP1A|FGF2
Clofazimine	2	ABCB11|ABCB1
Etanercept	13	C1QB|FCGR1A|C1QC|C1QA|TNFRSF1B|FCGR3B|C1R|LTA|TNF|C1S|FCGR2A|FCGR2B|FCGR3A
Adalimumab	11	C1QB|FCGR1A|C1QC|C1QA|FCGR3B|C1R|TNF|C1S|FCGR2A|FCGR2B|FCGR3A
Infliximab	1	TNF
Chloroquine	3	TLR9|TNF|GSTA2
Pranlukast	5	NFKB1|MUC2|CYSLTR1|IL5|TNF
Isopropyl Alcohol	8	PRSS2|DDX39B|CHIT1|GCH1|TNF|PLA2G2A|GDF5|PRDX6
golimumab	1	TNF
Certolizumab pegol	1	TNF
Zafirlukast	1	CYSLTR1
Cinalukast	1	CYSLTR1
Thiamylal	2	KCNJ8|KCNJ11
Cetuximab	11	C1QB|FCGR1A|C1QC|C1QA|FCGR3B|EGFR|C1R|C1S|FCGR2A|FCGR2B|FCGR3A
Intravenous Immunoglobulin	9	FCGR1A|FCGR3B|C3|FCGR2A|FCGR2B|C5|FCGR3A|FCGR1B|C4B
Alefacept	10	C1QB|FCGR1A|C1QC|C1QA|FCGR3B|C1R|CD2|FCGR2A|FCGR2B|FCGR3A
Palivizumab	9	C1QB|FCGR1A|C1QC|C1QA|FCGR3B|C1R|FCGR2A|FCGR2B|FCGR3A
Methyl aminolevulinate	1	FCGR1A
Dicoumarol	1	NQO1
Dacarbazine	1	PGD
Mycophenolate mofetil	2	IMPDH2|IMPDH1
Mycophenolic acid	2	IMPDH2|IMPDH1
Gallium nitrate	4	ATP6V1B2|IL1B|RRM2|BGLAP
Metyrapone	1	CYP11B1
Digoxin	1	ATP1A1
Acetyldigitoxin	1	ATP1A1
Deslanoside	1	ATP1A1
Ouabain	1	ATP1A1
Bretylium	1	ATP1A1
Ciclopirox	1	ATP1A1
Potassium	1	ATP1A1
Digitoxin	1	ATP1A1
Almitrine	1	ATP1A1
Lorazepam	3	TSPO|GABRA3|GABRA4
Clorazepate	3	TSPO|GABRA3|GABRA4
Zaleplon	1	TSPO
Clonazepam	3	TSPO|GABRA3|GABRA4
Chlormezanone	1	TSPO
Ketazolam	1	TSPO
Cisatracurium besylate	1	CHRNA2
Mecamylamine	1	CHRNA2
Atracurium besylate	1	CHRNA2
Vecuronium	1	CHRNA2
Moxifloxacin	1	TOP2A
Dexrazoxane	2	TOP2A|TOP2B
Valrubicin	1	TOP2A
Teniposide	1	TOP2A
Enoxacin	1	TOP2A
Pefloxacin	1	TOP2A
Trovafloxacin	1	TOP2A
Daunorubicin	2	TOP2A|TOP2B
Etoposide	2	TOP2A|TOP2B
Lomefloxacin	1	TOP2A
Doxorubicin	1	TOP2A
Norfloxacin	1	TOP2A
Levofloxacin	1	TOP2A
Ofloxacin	1	TOP2A
Idarubicin	1	TOP2A
Mitoxantrone	1	TOP2A
Sparfloxacin	1	TOP2A
Fleroxacin	1	TOP2A
Lucanthone	3	TOP2A|TOP1|APEX1
Finafloxacin	1	TOP2A
Palifermin	6	FGFR2|HSPG2|FGFR3|NRP1|FGFR1|FGFR4
Fluvoxamine	1	SLC6A4
Fluoxetine	1	SLC6A4
Oxytocin	2	OXT|OXTR
Prochlorperazine	1	DRD2
Alizapride	1	DRD2
Bromopride	1	DRD2
Ridogrel	2	TBXA2R|TBXAS1
Gefitinib	1	EGFR
Erlotinib	2	EGFR|NR1I2
Panitumumab	1	EGFR
Osimertinib	1	EGFR
Necitumumab	1	EGFR
Levallorphan	1	OPRM1
Alfentanil	1	OPRM1
Anileridine	1	OPRM1
Levomethadyl Acetate	3	CHRNA3|CHRNB4|OPRM1
Methadyl Acetate	1	OPRM1
Ethylmorphine	1	OPRM1
Naloxegol	1	OPRM1
Pamidronate	1	FDPS
Zoledronate	1	FDPS
Alendronate	4	ATP6V1A|FDPS|PTPRE|PTPRS
Ibandronate	1	FDPS
Risedronate	1	FDPS
Calcitriol	1	VDR
Calcidiol	1	VDR
Ergocalciferol	1	VDR
Cholecalciferol	1	VDR
Paricalcitol	1	VDR
Dihydrotachysterol	1	VDR
Calcipotriol	1	VDR
Dalfampridine	2	KCNA3|KCNB1
Sulfinpyrazone	2	ABCC2|ABCC1
Flunisolide	1	NR3C1
Diflorasone	1	NR3C1
Alclometasone	1	NR3C1
Medrysone	1	NR3C1
Fluorometholone	1	NR3C1
Beclomethasone	1	NR3C1
Betamethasone	1	NR3C1
Desoximetasone	1	NR3C1
Fluocinolone Acetonide	1	NR3C1
Halobetasol Propionate	1	NR3C1
Triamcinolone	1	NR3C1
Flumethasone Pivalate	1	NR3C1
Mometasone	1	NR3C1
Hydrocortamate	1	NR3C1
Clocortolone	1	NR3C1
Flurandrenolide	1	NR3C1
Prednisolone	1	NR3C1
Loteprednol	1	NR3C1
Rimexolone	1	NR3C1
Methylprednisolone	1	NR3C1
Clobetasol propionate	1	NR3C1
Fluocinonide	2	SMO|NR3C1
Prednicarbate	1	NR3C1
Budesonide	1	NR3C1
Desonide	1	NR3C1
Cortisone acetate	1	NR3C1
Paramethasone	1	NR3C1
Ciclesonide	1	NR3C1
Difluprednate	1	NR3C1
Fluticasone furoate	1	NR3C1
Methyprylon	2	GABRA3|GABRA4
Phenobarbital	10	GRIK2|GRIN2B|GRIN3A|GRIN1|GRIN2D|GRIN3B|GRIA2|GRIN2C|GRIN2A|CHRNA4
Glutethimide	2	GABRA3|GABRA4
Carbocisteine	1	GSTP1
Butabarbital	5	GRIK2|GRIA2|GABRA3|GABRA4|CHRNA4
Lithium	2	GSK3B|GRIA3
Acarbose	2	SI|GAA
Miglitol	1	GAA
Carbetocin	1	OXTR
Abatacept	2	CD86|CD80
Belatacept	2	CD86|CD80
Cosyntropin	1	MC2R
Corticotropin	2	MC2R|CRH
Varenicline	3	CHRNA3|CHRNA6|CHRNA4
Cytisine	3	CHRNA3|CHRNA6|CHRNA4
Sitagliptin	1	DPP4
Vildagliptin	1	DPP4
Alogliptin	1	DPP4
Saxagliptin	1	DPP4
Linagliptin	1	DPP4
Eculizumab	1	C5
Exenatide	1	GLP1R
Liraglutide	1	GLP1R
Albiglutide	1	GLP1R
Dulaglutide	1	GLP1R
Cobimetinib	1	MAP2K1
Trametinib	2	MAP2K2|MAP2K1
Metronidazole	1	CYP51A1
Tioconazole	1	CYP51A1
Itraconazole	1	CYP51A1
inhaled insulin	1	CRP
Probenecid	1	SLC22A6
Ceftriaxone	2	SLC22A6|SLC15A1
Panobinostat	9	HDAC2|HDAC1|HDAC6|HDAC8|HDAC3|HDAC7|HDAC9|HDAC5|HDAC4
Ipilimumab	1	CTLA4
Alpha-Linolenic Acid	2	TRPV1|SLC8A1
Azacitidine	1	DNMT1
Flucytosine	1	DNMT1
Decitabine	1	DNMT1
Ezogabine	3	KCNQ5|KCNQ2|KCNQ3
Auranofin	2	PRDX5|IKBKB
Benzoic Acid	2	PRDX5|DAO
Bacitracin	2	A2M|IDE
Ocriplasmin	3	A2M|SERPINF2|FN1
Maraviroc	1	CCR5
Oseltamivir	2	NEU1|CES1
Pegademase bovine	1	GRB2
Siltuximab	1	IL6
Framycetin	1	CXCR4
Plerixafor	1	CXCR4
Regadenoson	1	ADORA2A
Vorapaxar	1	F2R
Chloramphenicol	1	CD55
Cefazolin	1	PON1
Human Serum Albumin	3	APOE|SAA1|AMBP
Serum albumin iodonated	3	APOE|SAA1|AMBP
Olsalazine	2	TPMT|IFNG
Rifaximin	1	NR1I2
Rilpivirine	1	NR1I2
Cerulenin	1	FASN
Sodium stibogluconate	1	TOP1
Velaglucerase alfa	1	GBA
Ustekinumab	1	IL12B
Hyaluronidase	1	TGFB1
Hyaluronidase (Human Recombinant)	1	TGFB1
Levetiracetam	2	SV2A|CACNA1B
Belimumab	1	TNFSF13B
Mirabegron	1	ADRB3
Ampicillin	2	TEK|SLC15A1
Phenoxymethylpenicillin	1	SLC15A1
Oxacillin	1	SLC15A1
Benzylpenicillin	1	SLC15A1
Capsaicin	1	TRPV1
Dihydroxyaluminium	4	VDAC2|VDAC3|VDAC1|TNNC1
Roxithromycin	1	ABCB1
Voacamine	1	ABCB1
Streptozocin	1	SLC2A2
Canakinumab	1	IL1B
Rilonacept	3	IL1B|IL1RN|IL1A
Cysteamine	2	SST|NPY2R
Cefdinir	1	MPO
Icatibant	2	BDKRB2|ANPEP
Hyaluronic acid	6	VCAN|HABP4|C1QBP|TNFAIP6|CD44|ICAM1
Azithromycin	2	PADI4|CYP3A4
Doxycycline	2	PADI4|B2M
Tetracycline	2	PADI4|PRNP
Streptomycin	1	PADI4
Sipuleucel-T	1	ACPP
Rifabutin	2	HSP90B1|HSP90AA1
Ingenol Mebutate	2	PRKCD|PRKCA
Rufinamide	2	GRM5|SCN9A
Eptifibatide	1	ITGB3
Pentagastrin	1	CCKBR
OspA lipoprotein	1	TLR2
Tranilast	1	HPGDS
Acamprosate	10	GRIN2B|GRIN1|GRIN3B|GRIN3A|GRM5|GABRA4|GABRA3|GRIN2C|GRIN2A|GRIN2D
Crofelemer	2	CFTR|ANO1
Ivacaftor	1	CFTR
Acetohydroxamic Acid	1	MMP12
Mepolizumab	1	IL5
Ibrutinib	1	BTK
Albendazole	2	TUBB4B|TUBA1A
Mebendazole	2	TUBB4B|TUBA1A
Ixabepilone	1	TUBB3
Vorinostat	5	HDAC2|HDAC1|HDAC6|HDAC8|HDAC3
Olaparib	3	PARP3|PARP1|PARP2
Chenodeoxycholic acid	1	NR1H4
Lactose	1	GLTP
Lamotrigine	1	SCN2A
Propofol	4	SCN2A|GABRA3|SCN4A|GABRA4
Aminoglutethimide	2	CYP11A1|CYP19A1
Testolactone	1	CYP19A1
Exemestane	1	CYP19A1
Letrozole	1	CYP19A1
Anastrozole	1	CYP19A1
Pegaptanib	1	NRP1
Botulinum Toxin Type B	1	VAMP2
Lanreotide	2	SSTR5|SSTR2
Carbidopa	1	DDC
Tranylcypromine	2	MAOA|MAOB
Selegiline	2	MAOA|MAOB
Isocarboxazid	2	MAOA|MAOB
Pargyline	2	MAOA|MAOB
Moclobemide	1	MAOA
Allopurinol	1	XDH
Febuxostat	1	XDH
Palbociclib	2	CDK6|CDK4
Pentostatin	1	ADA
Carfilzomib	4	PSMB10|PSMB1|PSMB9|PSMB8
Everolimus	1	MTOR
Temsirolimus	1	MTOR
Ruxolitinib	2	JAK1|JAK2
Tofacitinib	3	JAK1|JAK3|JAK2
Ecabet	1	NOXO1
Fingolimod	1	S1PR5
Isoniazid	4	CYP2C19|CYP2C8|CYP1A2|CYP3A4
Ecallantide	1	KLKB1
Glisoxepide	1	KCNJ8
Zidovudine	1	TERT
C1 Esterase Inhibitor (Human)	1	SERPING1
Ribostamycin	1	P4HB
Tocilizumab	1	IL6R
WF10	1	CD163
Metreleptin	1	LEPROT
Nivolumab	1	PDCD1
Pembrolizumab	1	PDCD1
Romiplostim	1	MPL
Eltrombopag	1	MPL
Blinatumomab	2	CD19|CD3D
Brentuximab vedotin	1	TNFRSF8
Linaclotide	1	GUCY2C
Preotact	2	PTH1R|PTH2R
Teriparatide	1	PTH1R
Denosumab	1	TNFSF11
Bifonazole	1	CYP2B6
Gadopentetate dimeglumine	1	PGD
Etidronic acid	2	ATP6V1A|PTPRS
Doxapram	2	KCNK3|KCNK9
Hemin	1	MB
Vismodegib	1	SMO
Sonidegib	1	SMO
Ethanolamine Oleate	1	F12
Canagliflozin	1	SLC5A1
Dimethyl fumarate	1	KEAP1
Ethchlorvynol	2	GABRA3|GABRA4
Clobazam	2	GABRA3|GABRA4
Alprazolam	2	GABRA3|GABRA4
Chlordiazepoxide	2	GABRA3|GABRA4
Mephentermine	9	ADRA1A|ADRB2|ADRA1B|ADRA2C|ADRA1D|ADRA2A|ADRB1|ADRA2B|ADRB3
Dactinomycin	2	TOP2A|TOP2B
Eslicarbazepine acetate	1	P2RX4
Secukinumab	1	IL17A
Suvorexant	2	HCRTR2|HCRTR1
Alirocumab	1	PCSK9
